-- MySQL dump 10.13  Distrib 8.0.34, for Win64 (x86_64)
--
-- Host: 127.0.0.1    Database: referencias
-- ------------------------------------------------------
-- Server version	8.0.34

/*!40101 SET @OLD_CHARACTER_SET_CLIENT=@@CHARACTER_SET_CLIENT */;
/*!40101 SET @OLD_CHARACTER_SET_RESULTS=@@CHARACTER_SET_RESULTS */;
/*!40101 SET @OLD_COLLATION_CONNECTION=@@COLLATION_CONNECTION */;
/*!50503 SET NAMES utf8 */;
/*!40103 SET @OLD_TIME_ZONE=@@TIME_ZONE */;
/*!40103 SET TIME_ZONE='+00:00' */;
/*!40014 SET @OLD_UNIQUE_CHECKS=@@UNIQUE_CHECKS, UNIQUE_CHECKS=0 */;
/*!40014 SET @OLD_FOREIGN_KEY_CHECKS=@@FOREIGN_KEY_CHECKS, FOREIGN_KEY_CHECKS=0 */;
/*!40101 SET @OLD_SQL_MODE=@@SQL_MODE, SQL_MODE='NO_AUTO_VALUE_ON_ZERO' */;
/*!40111 SET @OLD_SQL_NOTES=@@SQL_NOTES, SQL_NOTES=0 */;

--
-- Table structure for table `autor`
--

DROP TABLE IF EXISTS `autor`;
/*!40101 SET @saved_cs_client     = @@character_set_client */;
/*!50503 SET character_set_client = utf8mb4 */;
CREATE TABLE `autor` (
  `id_autor` int NOT NULL AUTO_INCREMENT,
  `nombre` varchar(45) NOT NULL,
  `a_paterno` varchar(45) NOT NULL,
  `a_materno` varchar(45) DEFAULT '-',
  `nacionalidad` varchar(45) DEFAULT '-',
  PRIMARY KEY (`id_autor`),
  UNIQUE KEY `id_autor_UNIQUE` (`id_autor`)
) ENGINE=InnoDB AUTO_INCREMENT=220 DEFAULT CHARSET=utf8mb4 COLLATE=utf8mb4_0900_ai_ci;
/*!40101 SET character_set_client = @saved_cs_client */;

--
-- Dumping data for table `autor`
--

LOCK TABLES `autor` WRITE;
/*!40000 ALTER TABLE `autor` DISABLE KEYS */;
INSERT INTO `autor` VALUES (1,'T. Humberto','Cárdenas','','Mexicano'),(2,'Elena','De Oteyza','','Mexicana'),(3,'Gordon','Fuller','','Estadounidense'),(4,'Salvador','Gigena','','Argentino'),(5,'Herny Sindair','Hall','','Británico'),(6,'Jerome E.','Kaufmann','','Estadounidense'),(7,'Charles H.','Lehmann','','Estadounidense'),(8,'Seymour','Lipschutz','','Estadounidense'),(9,'Luis G.','Mariscal','','Mexicano'),(10,'Kenneth A.','Ross','','Estadounidense'),(11,'Vivek','Sahai','','Indú'),(12,'Vikas','Bist','','Indú'),(13,'Michael','Sullivan','','Estadounidense'),(14,'Earl. W','Swokoski','','Estadounidense'),(15,'Dennis G.','Zill','','Estadounidense'),(16,'J.','Dewar','',''),(17,'J.','Dauben','',''),(18,'C. J.','Scriba','',''),(19,'M.','Emmer','',''),(20,'S.','Gindikin','',''),(21,'Susan Jane','Colley','','Estadounidense'),(22,'William Anthony','Granville','','Estadounidense'),(23,'Peter ','Lax','','Estadounidense'),(24,'Saura Irma','López','','Mexicana'),(25,'Baltasar','Mena','','Español/Mexicano'),(26,'James','Stewart','','Canadiense'),(27,'Angus','Taylor','','Estadounidense'),(28,'George','Thomas','','Estadounidense'),(29,'Joseph','Dauben','','Estadounidense'),(30,'Michele','Emmer','','Italiano'),(31,'Simon','Gindikin','','Ruso'),(32,'Harvey ','Michael','Deitel ',''),(33,'Brian','Wilson','Kernighan',''),(34,'Alejandra ','mendez ','',''),(35,'Ernesto','Peñaloza ','Romero',''),(36,'herbert ','schildt','',''),(37,'Pablo','Augusto','Sznajdleder',''),(38,'Niklaus','Wirth','',''),(39,'Ignacio','Alvarado ','Aldea ',''),(40,'Larry','Long ','',''),(41,'dey ','Pradip','',''),(42,'Jaime','Restrepo ','',''),(43,'Luis','R.','',''),(44,'Howard','Anton','',''),(45,'Otto','Bretscher','','Suizo'),(46,'Stanley','Grossman','','Estadounidense'),(47,'Fernando','Hitt','Espinoza','Mexicano'),(48,'Anton','Howard','','Estadounidense'),(49,'Jerome','E','Kaufmann','Estadounidense'),(50,'Roland','E','Larson','Estadounidense'),(51,'Roland','E','Larson','Estadounidense'),(52,'David','C','Falvo','Estadounidense'),(53,'Seymour','Lipschutz','','Español'),(54,'Peter','Petersen','','Estadounidense'),(55,'David','Poole','','Estadounidense'),(56,'Paloma','Sanz','Álvaro','Española'),(57,'I.R','Shafarevich','',''),(58,'M','Sullivan','',''),(59,'Frank','Blume','','Estadounidense'),(60,'Susan','Colley','','Estadounidense'),(61,'Brinton Thomas','George','','Estadounidense'),(62,'Alexander J.','Hahn','','Estadounidense'),(63,'H.','Hall','',''),(64,'J.','Marsden','',''),(65,'B.','Mena','',''),(66,'A.','Taylor','',''),(67,'R. W.','Mann','',''),(68,'Y. S.','Fonseca','',''),(69,'C.','González','',''),(70,'R. S.','González','',''),(71,'H. M.','Rangel','',''),(72,'O.','Sanchez','',''),(73,'A. D.','Araujo','','Mexicana'),(74,'I. I.','Brunet','','Mexicana'),(75,'T.','Dickey','','Mexicana'),(76,'Gerardo','Guajardo','','Mexicana'),(77,'María Jesús','Hernández','Ortiz','Española'),(78,'Charles Thomas','Horngren','','Estadounidense'),(79,'Harold','Koontz','','Estadounidense'),(80,'Heinz','Weihrich','','Alemana'),(81,'Mark','Cannice','','Estadounidense'),(82,'S','Ceballos','F,','México'),(83,'H.','Deitel','','México'),(84,'C.','Horstmann','','México'),(85,'I.','López','','México'),(86,'B.','Vázquez','','España'),(87,'I.','Horton','','USA'),(88,'John','Vasta','','Estadounidense'),(89,'Yuan','Chen','','China'),(90,'Francisco Javier','Martínez','López','Española'),(91,'Celin','Cherian','',''),(92,'Paul','Horowitz','','Estadounidense'),(93,'A.','Miller','',''),(94,'Jacob','Millman','','Estadounidense'),(95,'C. J.','Savant','',''),(96,'Thomas F.','Schubert','',''),(97,'John','Markus','','Estadounidense'),(98,'Juan Bautista','Roldán','Aranda','Española'),(99,'Jacob','Millman','','Estadounidense'),(100,'C. J.','Savant','',''),(101,'Thomas F.','Schubert','',''),(102,'John','Markus','','Estadounidense'),(103,'Juan Bautista','Roldán','Aranda','Española'),(104,'Miguel Angel','Garcia ','Muñoz','Española '),(105,'Jerrold','W.','Grossman','Estadounidense'),(106,'Richard ','F','Johnsonbaugh','Estadounidense'),(107,'Arthur ','kleiman','','Estadounidense'),(108,'Bernard','Kolman','','Estadounidense'),(109,'Joseph','Breuer','','Estadounidense'),(110,'Keneth','H.','Rossen','Estadounidense'),(111,'N','Balabanian','','Estadounidense'),(112,'H','Kerzner','','Estadounidense'),(113,'Craig','J.','Letavec','Estadounidense'),(114,'H','Flores','','Estadounidense'),(115,'M','Morris','Mano','Estadounidense'),(116,'C','Roth','','Estadounidense'),(117,'Jack','R. ','Meredith','Estadounidense'),(118,'Berta','Moreno','Molina','Mexicana'),(119,'Joshi','Bipin','','Estadounidense'),(120,'Jose Dimas','Lujan','Castillo','Español'),(121,'Juan Carlos','Oros','Cabello','Mexicano'),(122,'Manuel','Torres','Ramon','Peruano'),(123,'Mitch','Amiano','Null','Estadounidense'),(124,'Rajendra','Akerkar','Null','Ingles'),(125,'Beati','Hernan','Null','Argentino'),(126,'Baase','Van','Gelder ','Estadounidense'),(127,'Jesus','Bisbal ','Riera','Argentino'),(128,'Tomas','Hernan','Cornen','Estadounidense'),(129,'Adam','Droznek','',''),(130,'Alfred','Aho','Vaino','Canada'),(131,'Omkar','Gopal ','Kakde','India'),(132,'Karen','Lemone','NULL','NULL'),(133,'Fernando José','Martínez ','NULL','España'),(134,'Hari','S','Mohan','India'),(135,'Carlos José','Ruíz ','Forero','Colombia'),(136,'Brian','Kernighan','Wilson','Canada'),(137,'Carlos Javier','Llorente ','Raya','España'),(138,'Stephen','Brown','David','Canada'),(139,'Ángel ','Grediaga','Olivo','España'),(140,'Miron','Mano','Abramovich','Estados Unidos'),(141,'John ','Francis ','Wakerly','Estados Unidos'),(142,'David','Hodges','Alden','Estados Unidos'),(143,'Jacob ','Millman','NULL','Estados Unidos'),(144,'Geoff ','Harmer','NULL','Reino Unido'),(145,'James','Clements','Phillips','Estados Unidos'),(146,'Michael ','David ','Green','Estados Unidos'),(147,'Roger','Pressman','Schneck','Estados Unidos'),(148,'Francisco','Rivera','Martínez','México '),(149,'John ','Selig','David','Estados Unidos'),(150,'Ian','Sommerville','NULL','Escocia'),(151,'Francisco Javier','Toro','López','Colombia'),(152,'Harvey','M.','Deitel','Estados Unidos'),(153,'Ida','M.','','Estados Unidos'),(154,'Garg','Ravi ','NULL','India'),(155,'Ann','McIver ','McHoes','Estados Unidos'),(156,'Naresh ','Chauhan','NULL','India'),(157,'Abraham ','Silberschatz','NULL','Israelí'),(158,'Silvia ','Martín','NULL','Española'),(159,'William ','Stallings','NULL','Estados Unidos'),(160,'Andrew ','S.','Tanenbaum','Estados Unidos'),(161,'Omar','Barra ','Zapata','Peru'),(162,'Frederick','Driscoll','F.','Estados Unidos'),(163,'Eugenio','López ','Aldea','España'),(164,'Fernando','Valdez','Perez','España'),(165,'Antonio','Tafaera','R.','Argentina '),(166,'Mark','Assoff','','España'),(167,'Iván','López','Quintero','México'),(168,'José','Luján','Castillo','México'),(169,'Juan','Oros','Cabello','México'),(170,'Jesus','Garcia','Tomas ','México'),(171,'Scott ','Mcquerry','NULL','Estados Unidos'),(172,'William','Stallings','NULL','Estados Unidos'),(173,'Andrew','Stuart','Tanenbaum','Estados Unidos'),(174,'Paul ','Beynon','Davies','España'),(175,'Stanley ','Wasserman','NULL','Inglaterra'),(176,'John ','Scott','NULL','Inglaterra'),(177,'Rudolf ','Mosimann','NULL','Estados Unidos'),(178,'Kerry ','Sousa','NULL','Estados Unidos'),(179,'Brian ','Jack ','Copeland','Nueva Zelanda'),(180,'Juan Andrès','Maìllo','Fernàndez','NuLL'),(181,'Richard A.','Mollin','NULL','NULL'),(182,'Charles p.','Pfleeger','NULL','NULL'),(183,'Rhonda','Delmater','NULL','Estadounidense'),(184,'Monte','Hancock','NULL','Estadounidense'),(185,'José','Gironés','NULL','Española'),(186,'David John','Hand','NULL','Británica'),(187,'Jiawei','Han','NULL','China / Estadounidense'),(188,'Micheline','Kamber','NULL','Estadounidense'),(189,'Scott','Spangler','NULL','Estadounidense'),(190,'Jeff','Kreulen','NULL','Estadounidense'),(191,'Michael J.','Berry','NULL','Estadounidense'),(192,'Gordon S.','Linoff','NULL','Estadounidense'),(193,'Ronen','Feldman','NULL','Israelí'),(194,'James','Sanger','NULL','Británica'),(195,'Matthew A.','Russell','NULL','Estadounidense'),(196,'Rajkumar','Buyya','null','IND '),(197,'Vijay','Kale','null','IND '),(198,'William','Schmarzo ','null','EUA'),(199,'Alfredo','Solana','null','ESP'),(200,'Cassidy','Sugimoto','null','EUA'),(201,'Victor Jose','Torres','null','ESP'),(202,'Paul ','Zikopoulos','null','CAN'),(203,'Kai','Hwang','null','EUA'),(204,'Yulei','Wu','null','CHN'),(205,'Ethem','Alpaydin','null','TUR'),(206,'Mehdi','Khosrow-Pour','null','IRN'),(207,'Stephen','Marsland','null','UK'),(208,'Joaquin','Quiñonero-Candela','null','ESP'),(209,'Shigeo','Abe','null','JAP'),(210,'sio-long','Ao','null','CHN'),(211,'Danilo P.','Mandic','null','SRB'),(212,'Antonio','Moreno','Llorena','ESP'),(213,'Richard','Jones','null','EUA'),(214,'Rolando','Lara','Zavala','MX'),(215,'Howard Thomas','Milhorn','null','EUA'),(216,'David Moises','Teran','Perez','MX'),(217,'John','Webster','null','EUA'),(218,'Carlos','Aguilar','null','ARG'),(219,'Vijai ','Gupta','null','IND');
/*!40000 ALTER TABLE `autor` ENABLE KEYS */;
UNLOCK TABLES;

--
-- Table structure for table `editorial`
--

DROP TABLE IF EXISTS `editorial`;
/*!40101 SET @saved_cs_client     = @@character_set_client */;
/*!50503 SET character_set_client = utf8mb4 */;
CREATE TABLE `editorial` (
  `id_editorial` int NOT NULL AUTO_INCREMENT,
  `nombre` varchar(100) NOT NULL,
  `pagina` varchar(500) DEFAULT 'No tiene',
  `pais` varchar(45) DEFAULT 'Desconocido',
  PRIMARY KEY (`id_editorial`),
  UNIQUE KEY `nombre_UNIQUE` (`nombre`)
) ENGINE=InnoDB AUTO_INCREMENT=31 DEFAULT CHARSET=utf8mb4 COLLATE=utf8mb4_0900_ai_ci;
/*!40101 SET character_set_client = @saved_cs_client */;

--
-- Dumping data for table `editorial`
--

LOCK TABLES `editorial` WRITE;
/*!40000 ALTER TABLE `editorial` DISABLE KEYS */;
INSERT INTO `editorial` VALUES (1,'Editorial Trillas','',''),(2,'Prentice Hall, Pearson','',''),(3,'CECSA','',''),(4,'Universitas Editorial Cientifica Universitaria','',''),(5,'Hispanoamérica','',''),(6,'Thomson','',''),(7,'Limusa','',''),(8,'McGrawHill','',''),(9,'Editorial Progreso, S.A. de C.V.','',''),(10,'Prentice-Hall','',''),(11,'Alpha Science Internacional','',''),(12,'Pearson','',''),(13,'Internacional Thomson','',''),(14,'Brooks and Colle, Cengage','',''),(15,'Springer','',''),(16,'Cengage Learning','',''),(17,'Birkhäuser','',''),(18,'Adison Weasley','Addison Wesley _ AcademiaLab','Mexico'),(19,'Deitel','',''),(20,'Addison Wesley.','https://biblioglifos.ingenieria.usac.edu.gt/opac/record/10860?mode=advanced&query=%40field1%3Dencabezamiento%40value1%3DSISTEMA+OPERATIVO&recnum=2&utm_source=chatgpt.com',''),(21,'Laxmi Publications.','https://www.laxmipublications.com/servlet/lphome',''),(22,'Ra-Ma Editorial.','https://www.ra-ma.es/','España'),(23,'Alpha Science International.','http://www.alphasci.com/journals.asp','Inglaterra'),(24,'AlfaOmega','https://alfaomega.com.mx/?srsltid=AfmBOopThxTNBbXwvZj0KM_erSPk1TxRtq87G5TBBb_bIVj5PUSkANnj#/',''),(25,'Prentice Hall','NULL',''),(26,'Alfaomega.','https://alfaomega.com.mx/?srsltid=AfmBOopThxTNBbXwvZj0KM_erSPk1TxRtq87G5TBBb_bIVj5PUSkANnj#/',''),(27,'McGraw Hill','https://www.mheducation.com.mx/','México'),(28,'Universidad de Alicante','https://www.ua.es/','España'),(29,'Pearson Education','','Inglaterra'),(30,'Chapman & Haxll/CRC.','','Estados Unidos');
/*!40000 ALTER TABLE `editorial` ENABLE KEYS */;
UNLOCK TABLES;

--
-- Table structure for table `recurso`
--

DROP TABLE IF EXISTS `recurso`;
/*!40101 SET @saved_cs_client     = @@character_set_client */;
/*!50503 SET character_set_client = utf8mb4 */;
CREATE TABLE `recurso` (
  `id_recurso` int NOT NULL AUTO_INCREMENT,
  `categoria` varchar(45) NOT NULL,
  `formato` varchar(45) NOT NULL,
  `titulo` varchar(255) NOT NULL,
  `anio` varchar(10) DEFAULT '-',
  `edicion` varchar(15) DEFAULT '1',
  `ciudad` varchar(50) DEFAULT '-',
  `pais` varchar(45) DEFAULT NULL,
  `num_paginas` varchar(5) DEFAULT NULL,
  `URL` varchar(500) DEFAULT NULL,
  `id_editorial` int NOT NULL,
  `id_autor` int NOT NULL,
  PRIMARY KEY (`id_recurso`),
  UNIQUE KEY `id_recurso_UNIQUE` (`id_recurso`),
  KEY `id_autor_idx` (`id_autor`),
  KEY `id_editorial_idx` (`id_editorial`),
  CONSTRAINT `id_autor` FOREIGN KEY (`id_autor`) REFERENCES `autor` (`id_autor`),
  CONSTRAINT `id_editorial` FOREIGN KEY (`id_editorial`) REFERENCES `editorial` (`id_editorial`)
) ENGINE=InnoDB AUTO_INCREMENT=245 DEFAULT CHARSET=utf8mb4 COLLATE=utf8mb4_0900_ai_ci;
/*!40101 SET character_set_client = @saved_cs_client */;

--
-- Dumping data for table `recurso`
--

LOCK TABLES `recurso` WRITE;
/*!40000 ALTER TABLE `recurso` DISABLE KEYS */;
INSERT INTO `recurso` VALUES (1,'Matematicas','Libro','Sistemas dinámicos en tiempo continuo: Modelado y simulación','2015','1','null','España','200','null',10,187),(2,'IA','Libro','Bioinformática: simulación, vida artificial e inteligencia artificial','2004','1','null','España','574','null',19,168),(3,'Matematicas','Libro','Modelado y simulación en telemedicina: ingeniería biomédica.','2010','1','Cuenca','España','268','null',6,30),(4,'Matematicas','Libro','Introducción al modelado y simulación con ecosimpro.','2010','1','null','España','272','null',7,81),(5,'Matematicas','Libro','Modelado y simulación: aplicación a procesos logísticos de fabricación y servicios.','2002','1','Barcelona','España','364','null',5,5),(6,'Programación','Libro','Game Engine Arquitecture','2014','3','Nueva York','EUA','989','1511334027376.pdf',1,175),(7,'Programación','Libro','Algorithmic and Architectural Gaming Desing.','2012','1','Pennsylvania','EUA','478','null',7,210),(8,'Programación','Libro','Advanced Java game programming','2004','1','Florida','EUA','584','null',19,98),(9,'Programación','Libro','Learning C# Programming With Unity 3D.','2015','1','Florida','EUA','667','Learning C# Programming With Unity 3D By Alex Okita[AKD] - workrintwo - Page 1 - 686 | Flip PDF Online | PubHTML5',29,21),(10,'Administración','Libro','Administración exitosa de proyectos.','2014','1','null','Australia','357','null',25,181),(11,'Programación','Libro','Game engine design and implementation.','2010','1','Massachusetts','EUA','594','null',17,175),(12,'Matematicas','Libro','Modelado y Simulación de Eventos Discretos.','2013','1','null','España','490','null',14,166),(13,'Base de datos','Libro','Big Data: Principles and Paradigms','2016','1','Massachusetts','EUA','494','null',22,31),(14,'Base de datos','Libro','Big Data Computing a Guide for Business and Technology Managers','2016','1','Boca Raton ','EUA','530','null',27,180),(15,'Base de datos','Libro','Big Data: el poder de los datos','2014','1','Madrid','ESP','256','null',4,153),(16,'Base de datos','Libro','Big Data para Directivos. Guia rapida y ejemplos practicos','2015','1','null','ESP','128','null',27,205),(17,'Base de datos','Libro','Big Data is not a Monolith','2016','1','Cambridge','EUA','312','null',3,99),(18,'Base de datos','Libro','Del cloud computing al big data: vision introductoria para jovenes emprendedores','2012','1','Barcelona','ESP','34','https://campusvirtual.ull.es/ocw/pluginfile.php/9374/mod_resource/content/4/Del.Cloud_.Computing.al_.Big_.Data_.JordiTorres.ES_.pdf',22,115),(19,'Base de datos','Libro','Big Data Beyond the Hype: A Guide to Conversations for Todays Data Center','2015','1','Nueva York','EUA','352','null',30,26),(20,'Base de datos','Libro','Big-Data Analytics for Cloud, IoT and Cognitive Computing','2017','1','null','UK','428','https://digilib.stekom.ac.id/assets/dokumen/ebook/feb_16d96e00f242650b62b643d9bd157db22501144c_1646717172.pdf',26,127),(21,'Base de datos','Libro','Big Data and Computational Intelligence in Networking','2017','1','Florida','EUA','546',' ',16,41),(22,'Base de datos','Articulo','Publicaciones Apache Hadoop','2017','null','null','EUA','null','https://hadoop.apache.org/',5,83),(23,'IA','Libro','Introduction to Machine Learning','2014','3','Cambridge','EUA','640','https://dl.matlabyar.com/siavash/ML/Book/Ethem%20Alpaydin-Introduction%20to%20Machine%20Learning-The%20MIT%20Press%20(2014).pdf',2,65),(24,'IA','Libro','Machine Learning: Concepts, Methodologies, Tools and Applications','2012','1','Pennsylvania','EUA','2124','null',14,137),(25,'IA','Libro','Marchine Learning: An Algorithmic Perspective','2009','1','Boca Raton ','EUA','406','https://mitmecsept.wordpress.com/wp-content/uploads/2018/05/chapman-hall_crc-machine-learning-pattern-recognition-stephen-marsland-machine-learning_-an-algorithmic-perspective-second-edition-2014-chapman-and-hall_crc.pdf',1,129),(26,'IA','Libro','Dataset Shift in Machine Learning','2009','1','Cambridge','EUA','229','null',24,217),(27,'IA','Libro','Support Vector Machines for Pattern Classification','2005','1','Londres','UK','344','null',1,119),(28,'IA','Libro','Machine Learning and Systems Engineering','2010','1','Dordrecht','NED','636','null',5,113),(29,'IA','Libro','Recurrent Neural Networks for Prediction','2001','1','Chichester','UK','304','https://doc.lagout.org/science/0_Computer%20Science/3_Theory/Neural%20Networks/Recurrent%20Neural%20Networks%20for%20Prediction.pdf',16,158),(30,'IA','Libro','Aprendizaje Automatico','1994','1','Barcelona','ESP','244','https://upcommons.upc.edu/bitstream/handle/2099.3/36157/9788483019962.pdf',9,8),(31,'IA','Libro','Principles of Biological Regulation: An Introduction to Feedback Systems','1973','1','Nueva York','EUA','374','null',13,30),(32,'IA','Libro','Cibernetica del Cerebro','1987','1','Mexico','MX','null','null',16,123),(33,'IA','Libro','The Application of Control Theory to Physiological Systems','1966','1','Filadelfia','EUA','386','null',19,91),(34,'IA','Libro','Bioingenieria','2017','1','Ciudad de Mexico','MX','440','null',30,103),(35,'IA','Libro','Medical Instrumentation: Application and Design','2009','4','Hoboken','EUA','713','null',29,43),(36,'IA','Libro','Una Lenta Revolucion (Las computadoras y la sociedad).','null','null','null','ESP','null','null',25,211),(37,'IA','Libro','Electromedicina','1994','1','Buenos Aires','ARG','null','null',8,146),(38,'IA','Libro','Biotechnology and Biology of Trichoderma','2014','1','Waltham','EUA','650','null',20,218),(39,'IA','Libro','Applied Biochemistry and Bioengineering','2018','1','Nueva York','EUA','null','null',21,21),(40,'Sistemas operativos','Libro ','El libro oficial de Ubuntu Server ','2010','1','Madrd ','España','480','null',13,40),(41,'Sistemas operativos','Libro','Automating Windows Administration ','2004','1','Nueva York','EUA ','836','null',5,161),(42,'Sistemas operativos','Libro ','Planning for Windows 2000','1999','1','Indianápolis ','EUA ','415','null',30,111),(43,'Sistemas operativos','Libro ','Pro Windows Power Shell','2008','1','Berkeley, CA ','EUA ','493','null',28,20),(44,'Sistemas operativos','Libro ','Beginning Ubuntu Linux: From  Novice to Professional ','2007','2','Berkeley, CA ','EUA','732','null',15,124),(45,'Sistemas operativos','Libro ','Microsoft Windows Server 2016: Redes y Active Directory ','2017','1','Mdrid ','España ','266','null',15,107),(46,'Sistemas operativos','LIbro ','Beginning Fedora: From Novice to Professional ','2007','1','Berkeley, CA ','EUA','556','null',9,70),(47,'Sistemas operativos','LIbro ','Beginning SUSE Linux: From Novice to Porfessional','2006','2','Berkeley, CA ','EUA','608','https://1403.iee.ihu.gr/files_books/10.Beginning%20Ubuntu%20Linux%20-%20From%20Novice%20To%20Professional%20(2006).pdf',3,50),(48,'Sistemas operativos','Libro ','Windows NT Server 4,0 for NetWare Administrators ','1997','1','Cambridge','EUA ','732','',19,13),(49,'Base de datos','Libro','Introducción a la minería de datos','2004','1','Madrid','España','678','https://resolver-vitalsource-com.pbidi.unam.mx:2443/9788483225585',5,189),(50,'Base de datos','Libro','Minería de datos','2014','1','Madrid','España','293','https://librunam.dgb.unam.mx/F/?func=direct&doc_number=001698755current_base=MX001',1,186),(51,'Base de datos','Libro','Minería de datos : a través de ejemplos','2015','1','CDMX','MX','435','https://librunam.dgb.unam.mx/F/?func=direct&doc_number=001773056current_base=MX001',13,59),(52,'Base de datos','Libro','Data mining explained.','2000','1','Phoenix','EUA','416','null',20,135),(53,'Base de datos','Libro','Minería de datos: modelos y algoritmos.','2017','1','Barcelona','España','274','null',13,158),(54,'Base de datos','Libro','Principles of data mining (adaptive computation and machine learning).','2002','1','Massachusetts','EUA','546','null',15,189),(55,'Base de datos','Libro','Data mining : practical machine learning tools and technique','2017','4','Cambridge','EUA','621','https://librunam.dgb.unam.mx/F/?func=direct&doc_number=001945473current_base=MX001',7,66),(56,'Base de datos','Libro','Data mining : the textbook','2015','1','Cham','Alemania','180','https://librunam.dgb.unam.mx/F/?func=direct&doc_number=001886552current_base=MX001',26,104),(57,'Base de datos','Libro ','Data mining : concepts and techniques','2012','3','Massachusetts','EUA','744','https://librunam.dgb.unam.mx/F/?func=direct&doc_number=001865586current_base=MX001',17,36),(58,'Matematicas','Libro ','Algebra superior','2014','','null','México','','',19,146),(59,'Matematicas','Libro ','Álgebra','2013','','null','México','','',2,8),(60,'Matematicas','Libro ','Álgebra Elemental','2005','','null','México','','',8,67),(61,'Matematicas','Libro ','Álgebra y geometría: teoría, práctica y aplicaciones','2018','','null','Argentina','','',28,4),(62,'Matematicas','Libro ','Álgebra superior','1991','','null','México','','',24,154),(63,'Matematicas','Libro ','Álgebra intermedia','2000','','null','México','','',13,133),(64,'Matematicas','Libro ','Álgebra','2008','','null','México','','',4,51),(65,'Matematicas','Libro ','Teoría y problemas de teoría de conjuntos y temas afines','1991','','null','México','','',9,170),(66,'Matematicas','Libro ','Vive la Probabilidad y Estadística 2','2013','','null','México','','',30,153),(67,'Matematicas','Libro ','Matemáticas discretas','1990','','null','México','','',11,191),(68,'Matematicas','Libro ','Algebra','2008','','Oxford','Inglaterra','','',28,123),(69,'Matematicas','Libro ','Algebra','2008','','Oxford','Inglaterra','','',12,125),(70,'Matematicas','Libro ','Algebra and trigonometry','2012','','New Jersey','Estados Unidos','','',13,50),(71,'Matematicas','Libro ','Álgebra y trigonometría con gemotería analítica','2002','','null','México','','',23,167),(72,'Matematicas','Libro ','Algebra and trigonometry','2012','','null','Estados Unidos','','',16,213),(73,'Matematicas','Libro ','Algebra and trigonometry','2012','','null','Estados Unidos','','',22,213),(74,'Matematicas','Libro ','Writing the History of Mathematics: Its Historical Development','2002','','null','Suiza','','',7,184),(75,'Matematicas','Libro ','Writing the History of Mathematics: Its Historical Development','2002','','null','Suiza','','',7,73),(76,'Matematicas','Libro ','Imagine Math. Between Culture and Mathematics','2012','','null','Italia','','',26,16),(77,'Matematicas','Libro ','Tales of Mathematicians and Physicists','2007','','New York','Estados Unidos','','',30,163),(78,'Matematicas','Libro','Calculo Vectorial ','2013','','null','México','','',18,10),(79,'Matematicas','Libro','Calculo Diferencial e Integral','2008','','null','México','','',19,209),(80,'Matematicas','Libro',' Calculus with Applications','2014','','New York','EE.UU','','',14,7),(81,'Matematicas','Libro','Calculo Diferencial de una variable con aplicaicones ','2006','','null','México','','',29,190),(82,'Matematicas','Libro','Introduccion al calculo Vectorial','2003','','null','México','','',15,70),(83,'Matematicas','Libro','Calculo Diferencial e Integral','2007','','null','México','','',16,112),(84,'Matematicas','Libro','Calculo: una variable','2016','','null','México','','',8,159),(85,'Matematicas','Libro','Writing the History of Mathematics: Its Historical Development','2002','','null','Alemania','','',11,116),(86,'Matematicas','Libro','Imagine Math. Between Culture and Mathematics','2012','','null','Italia','','',30,198),(87,'Matematicas','Libro','Tales of Mathematicians and Physicists','2007','','New York','EE.UU','','',18,140),(88,'Matematicas','Libro','Fundamentos de cálculo avanzado.','1989','','null','México','','',27,99),(89,'Matematicas','Libro','Geometry and trigonometry.','2001','','null','Irlanda','280','https://www.amazon.com.mx/Geometry-Trigonometry-English-Patrick-Barry-ebook/dp/B01A0UPHZM/ref=tmm_kin_swatch_0',30,41),(90,'Matematicas','Libro','Álgebra y geometría: teoría, práctica y aplicaciones.','2018','','null','Argentina','500','',14,99),(91,'Matematicas','Libro','Trigonometría plana y esférica.','1980','','null','Mexico','314','https://es.slideshare.net/slideshow/trigonometra-de-granville/19666771',3,211),(92,'Matematicas','Libro','Álgebra intermedia.','2000','','null','Mexico','670','',3,216),(93,'Matematicas','Libro','Geometría analítica.','2007','','null','Mexico','153','https://www.academia.edu/27479944/Geometr%C3%ADa_Anal%C3%ADtica_Serie_Schaum_Joseph_H_Kindle_pdf',22,19),(94,'Matematicas','Libro','Geometría elemental.','2001','','null','Mexico','','',11,158),(95,'Matematicas','Libro','Algebra and trigonometry.','2011','','New Jersey','USA','','',12,86),(96,'Matematicas','Libro','Álgebra y trigonometría con geometría analítica.','2002','','null','Mexico','','',17,58),(97,'Matematicas','Libro','Fundamentos de cálculo avanzado.','1989','','null','Mexico','','',25,125),(98,'Matematicas','Libro','Writing the History of Mathematics: Its Historical Development.','2002','','null','Alemania','','',24,108),(99,'Matematicas','Libro','Imagine Math. Between Culture and Mathematics.','2012','','null','Italia','','',13,140),(100,'Matematicas','Libro','Tales of Mathematicians and Physicists.','2007','','New York','USA','','',17,80),(101,'Programación','Libro','Beginning XML with C# ','2008','1','California','USA','600','null',5,38),(102,'Programación','Libro','HTML5, CSS Y JAVASCRIPT Crea tu web y apps con el estándar de desarrollo','2016','1','Madrid','España','','Microsoft Word - LibroHTMLMODIFICADO167X230copia.docx',26,124),(103,'Programación','Libro','Principio de diseño lógico digital ','2002','3','Madrid','España','648','https://gc.scalahed.com/recursos/files/r161r/w24792w/Morris.pdf',20,93),(104,'Programación','Libro','Diseño de páginas web con HTML, Java Script y CSS','2011','3','CDMX','México','376','',18,43),(105,'Programación','Libro','','','','','','','',29,107),(106,'Programación','Libro','Etica en el ejercicio profesional','2012','','CDMX','Mexico','205','',18,194),(107,'Programación','Libro','Diseño logico: fundamentos en electronica digital','2010','1','null','Colombia','null','null',10,122),(108,'Programación','Libro ','Guía práctica de XHTML, JS y CSS.','2011','','CDMX','México','398','',9,148),(109,'Programación','Libro ','Gráficos por computadora con OpenGL','2005','3','Madrid','España','918','Graficos Por Computadora Con Opengl [3no72y2y9gld]',19,119),(110,'Programación','Libro','Computer Graphics Using OpenGL','2001','2','Null','EUA','922','Computer graphics : using OpenGL : Hill, Francis S : Free Download, Borrow, and Streaming : Internet Archive',11,30),(111,'Programación','Libro','Una Humilde Introducción a la Graficación por Computadora y Otras Yerbas','2011','1','Null','España','268','Null',29,13),(112,'Programación','Libro','Polygon Mesh Processing','2010','1','Nueva York','EUA','250','Polygon Mesh Processing Book Website - Downloadable Material, Links, Slides, Source Code, Mario Botsch, Leif Kobbelt, Mark Pauly, Pierre Alliez, Bruno Levy',12,145),(113,'Programación','Libro','Diseño web con HTML5 y CSS3','2014','1','Lima','Perú','356','',20,185),(114,'Programación','Libro','Foundations of the Semantic Web: XML, RDF and ontology','2009','1','Londres','Reino Unido','220','',30,74),(115,'Programación','Libro','Project Managment Metrics, KPIs, and Dashboards: A Guide to Measuring and Monitoring Project Performance','2017','3','Null','EUA','438','',18,165),(116,'Programación','Libro','Project Managment: A Strategic Managerial Approch ','2017','10','Null','EUA','513','https://books.google.com.mx/books?hl=es&lr=&id=ipZXDwAAQBAJ&oi=fnd&pg=PR6&dq=Meredith,+J.+(2003).+Project+Management:+A+managerial+approach.+USA:+John+Wiley.&ots=Qyn4tJLCnZ&sig=OH91fvdovz1CYBmqs2lEW5CaTyw#v=onepage&q&f=false',17,117),(117,'Programación','Libro','The Program Management Office Establishing Managing and Growing the Value of a PMO','2006','','Null','EUA','408','',10,126),(118,'Programación','Libro','Diseño Digital','2013','3','edo mexico','Mexico','536','http://www.ollintec.com/SistemasDigitales/libros/Dise%C3%B1o%20digital,%203ra%20Edici%C3%B3n%20-%20M.%20Morris%20Mano-FREELIBROS.ORG.pdf',11,189),(119,'Programación','Libro','XML problem, design, solution','2006','1','Indiana','EUA','364','',4,84),(120,'Programación','Libro','HTML5 y CSS3 para diseñadores','2015','1','Buenos Aires','Argentina','340','',23,15),(121,'Programación','Libro','HTML, Javascript para programadores','2005','5','null','Mexico','67','null',29,85),(122,'Programación','Libro','Digital Principles and logic design','2007','1','null','EUA','492','null',7,18),(123,'Programación','Libro','Digital Design: Principles and Practices','2003','5','','EUA','830','null',30,48),(124,'Sistemas operativos','Libro','Introducción a los Sistemas Operativos','1987','1','México','México','null','null',20,8),(125,'Sistemas operativos','Libro','Sistemas Operativos','2001','1','México','México','null','null',21,203),(126,'Sistemas operativos','Libro','Operating Systems: An Introduction','2015','1','Dulles, Virginia','EE.UU.','null','null',15,216),(127,'Sistemas operativos','Libro','Principles of Operating Systems','2014','1','New Delhi','India','null','null',8,136),(128,'Sistemas operativos','Libro','Operating System Concepts','2013','9','Hoboken, NJ','EE.UU.','null','null',16,38),(129,'Sistemas operativos','Libro','Sistemas Operativos','2015','1','Buenos Aires','Argentina','null','null',4,72),(130,'Sistemas operativos','Libro','Operating Systems: Internals and Design Principles','2014','7','null','EE.UU.','null','null',28,216),(131,'Sistemas operativos','Libro','Sistemas Operativos. Diseño e implementación','1998','2','México','México','null','null',4,117),(132,'Sistemas operativos','Libro','Sistemas Operativos','2008','1','México','México','null','null',16,11),(133,'Sistemas operativos','Libro','Sistemas Operativos','2011','1','México','México','null','null',13,34),(134,'Sistemas operativos','Libro','Sistemas Operativos','2002','null','México','México','null','null',12,168),(135,'Sistemas operativos','Libro','Sistemas Operativos Modernos','2009','3','México','México','null','null',30,66),(136,'Base de datos','Libro','Understanding Database Management Systems (Wadsworth Series in Computer Information Systems) ','2001','7ª','Ciudad de México','México','','Enlace',1,122),(137,'Base de datos','Libro','Introducción a los Sistemas de Bases de Datos','2014','6ª','Madrid','España','672','Enlace',2,93),(138,'Base de datos','Libro','Fundamentos de Bases de Datos','1977','2ª','Englewood Cliffs','Estados Unidos','712','Enlace',27,89),(139,'Base de datos','Libro','Organización de las Bases de Datos','1988','1ª','Ciudad de México','México','445','Enlace',4,64),(140,'Base de datos','Libro','Técnicas de Base de Datos','1989','','Belmont','Estados Unidos','518','Enlace',25,179),(141,'Base de datos','Libro','Understanding Database Management Systems','2018','1ª','Nueva York','Estados Unidos','','Enlace',25,123),(142,'Base de datos','Libro','Advanced Database: Theory and Applications','2017','1ª','Madrid','España','332','Enlace',2,166),(143,'Base de datos','Manual','Programación de Bases de Datos Relacionales','2017','','','','','Enlace',29,195),(144,'Base de datos','Libro','Oracle SQL Developer Users Guide, Release 17.2','2015','3ª','Cambridge','Reino Unido','1220','Enlace',10,136),(145,'Electronica','Libro','The Art of Electronics','2017','1ª','Nueva York','Estados Unidos','','Enlace',3,71),(146,'Electronica','Libro','Electronic Amplifiers and Circuit Design: Art and Practice','1987','2ª','Nueva York','Estados Unidos','1001','Enlace',27,148),(147,'Electronica','Libro','Microelectronics','1991','','Redwood City','Estados Unidos','831','Enlace',18,66),(148,'Electronica','Libro','Electronic Circuit Design: Circuits and Systems','2014','1ª','San Rafael','Estados Unidos','','Enlace',22,149),(149,'Electronica','Libro','Fundamentals of Electronics: Book 1: Electronic Devices and Circuit Applications','2016','1ª','San Rafael','Estados Unidos','','Enlace',23,176),(150,'Electronica','Libro','Fundamentals of Electronics: Book 2: Amplifiers: Analysis and Design','1987','1ª','Barcelona','España','968','Enlace',27,187),(151,'Electronica','Libro','Manual de Circuitos Electrónicos','2001','1ª','Madrid','España','400','Enlace',30,77),(152,'Electronica','Libro','Dispositivos Electrónicos: Problemas Resueltos','2002','7','Illinois','Estados Unidos','900','',15,216),(153,'Matematicas','Libro','Matemática discreta para la computación. Nociones teóricas y problemas resueltos','2010','1ª','','España','722','',14,219),(154,'Matematicas','Libro','Lenguajes, gramáticas y autómatas.','1987','1ª','Madrid','España','321','',11,134),(155,'Matematicas','Libro','Discrete Mathematics: An introduction to concepts, methods, and applications.','1990','1ª','indiana','Estados Unidos','952','',21,2),(156,'Matematicas','Libro','Matemáticas discretas.','2005','6ª','Ciudad de México','México','694','',24,218),(157,'Matematicas','Libro','Aplicaciones matemáticas a la administración.','1972','1ª','Ciudad de México','México','197','',2,41),(158,'Matematicas','Libro','Estructuras de matemáticas discretas para la computación.','2005','','','','','',20,146),(159,'Matematicas','Libro','Teoría de conjuntos y temas afines.','2007','','','','','',17,179),(160,'Matematicas','Libro','Matemáticas discretas.','2011','','','','','',5,127),(161,'Programación','Libro','Algoritmos Computacionales introduccion al analisis y diseño','2002','3','San DIego','Estados Unidos','686','Algoritmos Computacionales',28,167),(162,'Programación','Libro','Introduccion a los algoritmos','2009','4','Masachusetts','Estados Unidos','1289','Introduction to Algorithms, fourth edition - Thomas H. Cormen, Charles E. Leiserson, Ronald L. Rivest, Clifford Stein - Google Libros',9,51),(163,'Administración','Libro','Habilidades directivas.','2009','2','Guadalajara','México','278','http://sedboyaca.gov.co/wp-content/uploads/2020/05/habilidades-directivas.pdf',1,202),(164,'Administración','Libro','El libro de las habilidades directivas.','2010','4','Monterrey','México','472','Null',16,71),(165,'Administración','Libro','Jefe por primera vez: formación de liderazgo empresarial.','2016','4','null','España','184','Null',30,67),(166,'Programación','Libro','Android 4.','2012','1','Barcelona','España','544','Null',18,71),(167,'Programación','Libro','El gran libro de Android.','2013','2','México','México','403','https://www.calameo.com/read/0037495411ff7aa631593',30,16),(168,'Programación','Libro','Java 2 Curso de Programación','2000','','México','México','820','https://app.pulsar.uba.ar/HomePages/virtual-library/T69773/Ceballos_Francisco_Javier_Java_2_Curso_De_Programacion.pdf',4,129),(169,'Programación','Libro','Como Programar en Java','2016','','México','México','1.432','https://www.mfbarcell.es/docencia_uned/fund_inf_ing/libros/-%20Como%20Programar%20en%20Java%20Deitel.pdf',7,123),(170,'Programación','Libro','Core Java','2008','','México','México','','',25,15),(171,'Programación','Libro','Curso avanzado de Java: manual práctico','2017','','Ciudad de México','México','','',5,151),(172,'Programación','Libro','Java y C++: paso a paso','2017','','Madrid','España','','',30,126),(173,'Programación','Libro','Beginning Java','2011','','USA','USA','','',17,16),(174,'Base de datos','Libro','Introducción a los Sistemas de Bases de Datos','1999','1','null','México','960','https://unefazuliasistemas.wordpress.com/wp-content/uploads/2011/04/introducion-a-los-sistemas-de-bases-de-datos-cj-date.pdf',10,51),(175,'Base de datos','Libro','Fundamentos de Bases de Datos.','2014','4','Madrid','España','null','https://biblioteca.univalle.edu.ni/files/original/01aebde3cc06dce33f2538aa2724eb2541cb9473.pdf',8,149),(176,'Base de datos','Libro','Using the data warehouse','1994','1','New York','USA','304','null',21,52),(177,'Base de datos','Libro','A practical guide to database design','2018','2','New York ','USA','','https://unidel.edu.ng/focelibrary/books/A%20Practical%20Guide%20to%20Database%20Design%20by%20Rex%20Hogan.pdf',17,5),(178,'Base de datos','Libro','CCNP Self Study (BCMSN).','2003','1','Indianapolis','USA','700','null',17,26),(179,'Base de datos','Libro','CCNA Self Study (INTRO)','2004','1','null','USA','600','null',1,203),(180,'Base de datos','Libro ','CCIE Practical Studies vol. 2.','2003','2','null','USA','1032','https://elhacker.info/manuales/Redes/Cisco/Routing/CCIE%20Practical%20Studies%20Volume%20II.pdf',30,12),(181,'Base de datos','Libro','Mastering data mining','2000','1','null','USA','600','https://wiley.com/mastering',23,2),(182,'Base de datos','Libro','The text mining handbook: advanced approaches in analyzing unstructured data','2007','1','null','USA','700','https://cambridge.org/textmining',3,20),(183,'Base de datos','Libro','Mining the social web','2011','1','null','USA','550','https://oreilly.com/mining_social_web',11,119),(184,'Base de datos','libro','Mining the Talk: Unlocking the Business Value in Unstructured Information ','2007','1','null','USA','212','https://pearson.com/miningthetalk        ',17,71),(185,'Base de datos','libro','Data mining: concepts and techniques.','2006','2','San francisco','USA','772','https://myweb.sabanciuniv.edu/rdehkharghani/files/2016/02/The-Morgan-Kaufmann-Series-in-Data-Management-Systems-Jiawei-Han-Micheline-Kamber-Jian-Pei-Data-Mining.-Concepts-and-Techniques-3rd-Edition-Morgan-Kaufmann-2011.pdf',11,141),(186,'Ciberseguridad','Libro','Seguridad digital e informatica.','2017','1','Madrid','España','174','https://www.ra-ma.es/libro/seguridad-digital-e-informatica_47967/',7,3),(187,'Ciberseguridad','Libro','Codes: The Guide to Secrecy From Ancient to Modern Times.','2005','1','Kingston','Canadà','704','https://www.amazon.com/Codes-Guide-Secrecy-Ancient-Modern/dp/036739278X',6,104),(188,'Ciberseguridad','Libro','Security in Computing.','2003','4','New Jersey','Estados Unidos','845','https://www.amazon.com/Security-Computing-4th-Charles-Pfleeger/dp/0132390779',19,19),(189,'Ciberseguridad','Libro','The Code Book, The Science of Secrecy from Ancient Egypt to Quantum Cryptography.','2000','1','NULL','Estados Unidos','432','https://www.amazon.com/Code-Book-Science-Secrecy-Cryptography/dp/0385495323',24,207),(190,'Ciberseguridad','Libro','Information Security Principles and Practices.','2001','2','NULL','Estados Unidos','606','https://www.amazon.com/Information-Security-Principles-Mark-Stamp/dp/0470626399',9,21),(191,'Ciberseguridad','Libro','El libro del hacker.','2018','4','Madrid','España','17','https://anayamultimedia.es/primer_capitulo/el-libro-del-hacker-edicion-2022.pdf',3,31),(192,'Ciberseguridad','Libro','The Codebreakers, The Comprehensive History of Secret Communication from Ancient Times to the Internet.','1996','2','New York','Estados Unidos','1200','https://www.amazon.com.mx/Codebreakers-Comprehensive-History-Communication-Internet/dp/0684831309',17,102),(193,'Ciberseguridad','Libro','Computer Security: Principles and Practice','2021','5','NULL','Estados Unidos','864','https://www.amazon.com/Computer-Security-Principles-Practice-4th/dp/0134794109',6,137),(194,'Ciberseguridad','Libro','Security+ Guide to Network Security Fundamentals','2020','6','Orlando','Estados Unidos','720','https://unidel.edu.ng/focelibrary/books/A%202022%20Comptia%20Security+%20Guide%20to%20Network%20Security%20Fundamentals%20by%20Mark%20Ciampa%20(z-lib.org).pdf',10,80),(195,'Ciberseguridad','Libro','Hacking: The Art of Exploitation','2008','2','NULL','Estados Unidos','488','https://www.amazon.com/Hacking-Art-Exploitation-Jon-Erickson/dp/1593271441',15,54),(196,'Ciberseguridad','Libro','Seguridad Informática: Principios y Práctica','2019','4','NULL','México','880','NULL',22,166),(197,'Ciberseguridad','Libro','Ciberseguridad: Una guía práctica para proteger tu empresa','2022','1','NULL','España','272','NULL',14,132),(198,'Ciberseguridad','Articulo','The Protection of Information in Computer Systems','1975','NULL','NULL','Estados Unidos','20','https://www.cl.cam.ac.uk/teaching/1011/R01/75-protection.pdf',11,23),(199,'Ciberseguridad','Libro','The design and analysis of computer algorithms','1974','1','null','USA','425','https://example.com/algorithms',21,157),(200,'Ciberseguridad','Libro','Introduction to algorithms','2009','3','null','USA','1312','https://mitpress.com/algorithms3',7,3),(201,'Ciberseguridad','Libro','Computer networks','2010','5','null','USA','960','https://pearson.com/networks',1,29),(202,'Ciberseguridad','Libro','Operating systems: internals and design principles','2014','8','null','USA','1100','https://pearson.com/os',11,88),(203,'Base de datos','Libro','Database system concepts','2010','6','null','USA','1376','https://mcgrawhill.com/dbconcepts',6,33),(204,'Administración','Libro','Software engineering: a practitioners approach','2014','8','null','USA','896','https://mcgrawhill.com/pressman',20,180),(205,'Administración','Libro','Software engineering','2011','9','null','USA','960','https://pearson.com/sommerville',2,173),(206,'Administración','Libro','The essentials of computer organising and architecture','2010','4','USA','USA','600','https://jonesandbartlett.com/architecture',13,91),(207,'Administración','Libro','Habilidades directivas.','2009','2','Guadalajara','México','278','http://sedboyaca.gov.co/wp-content/uploads/2020/05/habilidades-directivas.pdf',9,86),(208,'Administración','Libro','El libro de las habilidades directivas.','2010','4','Monterrey','México','472','Null',28,56),(209,'Administración','Libro','Jefe por primera vez: formación de liderazgo empresarial.','2016','4','null','España','184','Null',4,187),(210,'Programación','Libro','Android 4.','2012','1','Barcelona','España','544','Null',10,191),(211,'Programación','Libro','El gran libro de Android.','2013','2','México','México','403','https://www.calameo.com/read/0037495411ff7aa631593',12,194),(212,'Programación','Libro','Android 4: desarrollo de aplicaciones.','2012','1','','','','',20,57),(213,'Programación','Libro','Algorithm design: foundations, analysis, and internet examples','2014','1','USA','USA','896','https://johnwiley.com/algodesign',15,213),(214,'Programación','Libro','The art of computer programming','1997','3','USA','USA','3168','https://addison-wesley.com/taocp',4,184),(215,'Programación','Documento','Specification document for computing systems','2015','1','Ciudad de México','México','50','http://example.com/specdoc',21,119),(216,'Programación','Libro ','Gráficos por computadora con OpenGL','2005','3','Madrid','España','918','Graficos Por Computadora Con Opengl [3no72y2y9gld]',19,155),(217,'Programación','Libro','Computer Graphics Using OpenGL','2001','2','Null','EUA','922','Computer graphics : using OpenGL : Hill, Francis S : Free Download, Borrow, and Streaming : Internet Archive',12,188),(218,'Programación','Libro','Una Humilde Introducción a la Graficación por Computadora y Otras Yerbas','2011','1','Null','España','268','Null',26,47),(219,'Programación','Libro','Polygon Mesh Processing','2010','1','Nueva York','EUA','250','Polygon Mesh Processing Book Website - Downloadable Material, Links, Slides, Source Code, Mario Botsch, Leif Kobbelt, Mark Pauly, Pierre Alliez, Bruno Levy',23,191),(220,'Programación','Libro','Real Time Rendering','2008','3','Nueva York','EUA','1045','Null',26,175),(221,'Programación','Libro','Programación de gráficos en 3D.','1995','1','Ciudad de Mexico','Mexico','228','Null',18,12),(222,'Programación','Libro','Computer Graphics: Principles and Practice','2013','3','Null','EUA','1250','Null',6,109),(223,'Matematicas','Libro','Computational Geometry: Algorithms and Applications','2008','3','Null','EUA','367','DeBerg_-_Computational_Geometry_-_Algorithms_and_Applications_2e.pdf',24,102),(224,'Matematicas','Libro','Álgebra lineal y sus aplicaciones','2012','4','Ciudad de Mexico','Mexico','576','Álgebra lineal y sus aplicaciones · Biblioteca Digital · Biblioteca Digital',2,106),(225,'Electronica','Libro','Electronic Instrument Handbook','2000','3','Nueva York','EUA','1218','Electronic Instrument Handbook : Free Download, Borrow, and Streaming : Internet Archive',15,174),(226,'Electronica','Libro','Multisensor Instrumentation 6 Design: Defined Accuracy Computer-Integrated Measurement System','2002','1','Nueva York','EUA','224','Multisensor instrumentation 6[sigma] design : defined accuracy computer-integrated measurement systems : Garrett, Patrick H : Free Download, Borrow, and Streaming : Internet Archive',27,77),(227,'Electronica','Libro','Digital Measurement Techniques','2003','2','Pangbourne','Inglaterra','309','Null',2,174),(228,'Electronica','Libro','Sistemas de instrumentación','1995','1','Barcelona','España','86','Null',28,110),(229,'Electronica','Libro','Statistical Data Mining and Knowledge Discovery','2003','1','Null','EUA','624','(PDF) Statistical Data Mining and Knowledge Discovery',3,97),(230,'Electronica','Articulo','Manuales de National instruments.','2017','Null','Null','Null','Null','Resultados de Búsqueda - NI',27,165),(231,'Electronica','Libro','Sistemas modernos de control','1989','2','Null','Mexico','568','(PDF) Sistemas de Control Moderno - Richard Dorf',25,51),(232,'Electronica','Libro','Programación de Sistemas Embebidos en C','2009','1','Ciudad de Mexico','Mexico','535','Null',21,216),(233,'Electronica','Libro','Sistemas de Control para Ingeniería','2002','3','Null','Mexico','973','Sistemas de Control para Ingenieria - 3ra Edición - Norman Nise | PDF',11,32),(234,'Electronica','Libro','Sistemas de Control en Tiempo Discreto','1996','2','Null','Mexico','757','Ogata Sistemas De Control En Tiempo Discreto 2 : Free Download, Borrow, and Streaming : Internet Archive',13,70),(235,'Electronica','Libro','Dinámica de Sistemas y Control','2001','1','Ciudad de Mexico','Mexico','993','Null',28,53),(236,'IA','libro','Inteligencia Artificial. Una introducción filosófica.','(1996).','','Madrid','España','421','',11,188),(237,'IA','libro','Inteligencia artificial: fundamentos, práctica y aplicaciones.','2013','2a','Ciudad de México','México','296','https://api.pageplace.de/preview/DT0400.9789587786286_A43776791/preview-9789587786286_A43776791.pdf',4,203),(238,'IA','libro','Lógica matemática e inteligencia artificial.','(2015).','1a','Madrid','España','256','https://www.dykinson.com/libros/logica-matematica-e-inteligencia-artificial/9788490854266/',7,66),(239,'IA','libro','Inteligencia Artificial.','(1994).','','Madrid','España','736','https://latam.casadellibro.com/libro-inteligencia-artificial/9788448118587/386848',23,158),(240,'IA','libro','Inteligencia artificial con aplicaciones a la ingeniería.','(2010).','1a','Ciudad de México','México','376','https://lelinopontes.files.wordpress.com/2014/09/inteligencia-artificial-con-aplicaciones-a-la-ingenierc3ada.pdf',2,68),(241,'IA','libro','Inteligencia Artificial. Un enfoque moderno.','(1996).','2a','Madrid','España','1240','https://luismejias21.files.wordpress.com/2017/09/inteligencia-artificial-un-enfoque-moderno-stuart-j-russell.pdf',20,129),(242,'IA','libro','Fundamentals of machine learning for predictive data analytics : algorithms, worked examples, and case studies.','(2015).','2a','Cambridge, Massachusetts','USA','318','https://mitp-content-server.mit.edu/books/content/sectbyfn/books_pres_0/12137/selected_solutions.pdf?dl=1',23,134),(243,'IA','libro','Decision Support System and Intelligent Systems.','(2002).','7a','Boston','USA','936','https://bambangsuhartono.wordpress.com/wp-content/uploads/2017/10/decision-support-system-and-intelligent-system-7th-edition-turban_aronson_liang_2005.pdf',8,112),(244,'IA','libro','Artificial Intelligence.','(1992).','3a','Boston','USA','735','https://courses.csail.mit.edu/6.034f/ai3/rest.pdf',30,84);
/*!40000 ALTER TABLE `recurso` ENABLE KEYS */;
UNLOCK TABLES;
/*!40103 SET TIME_ZONE=@OLD_TIME_ZONE */;

/*!40101 SET SQL_MODE=@OLD_SQL_MODE */;
/*!40014 SET FOREIGN_KEY_CHECKS=@OLD_FOREIGN_KEY_CHECKS */;
/*!40014 SET UNIQUE_CHECKS=@OLD_UNIQUE_CHECKS */;
/*!40101 SET CHARACTER_SET_CLIENT=@OLD_CHARACTER_SET_CLIENT */;
/*!40101 SET CHARACTER_SET_RESULTS=@OLD_CHARACTER_SET_RESULTS */;
/*!40101 SET COLLATION_CONNECTION=@OLD_COLLATION_CONNECTION */;
/*!40111 SET SQL_NOTES=@OLD_SQL_NOTES */;

-- Dump completed on 2025-05-11  0:08:11
